"employee_id","first_name","middle_name","last_name","date_of_birth","address","city","province","zip_code","gender","email","role","phone","division_id","designation_id","basic_salary","salary_rate","date_hired","status","employment_status","pwd","civil_status","height","weight","blood_type","emp_gsis_id_no","emp_pagibig_id_no","emp_philhealth_id_no","tin_no"
"EMP2026-0001","Louisse Kaye","P.","Aba","1973-02-02","Barangay 02, Cagayan de Oro","Cagayan de Oro","Misamis Oriental","9000","Female","louisse.kaye.aba@gmail.com","Employee","09700000001","2","2","28000.00","Monthly","2013-02-02","Active","Regular","0","Married","1.51","49.00","A-","GSIS-2026-000001","PAGIBIG-2026-000001","PHIC-2026-000001","100000001"
"EMP2026-0002","Joanne Rose","O.","Alvarez","1974-03-03","Barangay 03, Cagayan de Oro","Cagayan de Oro","Misamis Oriental","9000","Female","joanne.rose.alvarez@gmail.com","Employee","09700000002","3","14","29250.00","Monthly","2014-03-03","Active","Regular","0","Widowed","1.52","50.00","B+","GSIS-2026-000002","PAGIBIG-2026-000002","PHIC-2026-000002","100000002"
"EMP2026-0003","Joy Christine","V.","Asis","1975-04-04","Barangay 04, Cagayan de Oro","Cagayan de Oro","Misamis Oriental","9000","Female","joy.christine.asis@gmail.com","Employee","09700000003","4","21","20250.00","Semi-monthly","2025-04-04","Active","Contractual","0","Separated","1.53","51.00","B-","GSIS-2026-000003","PAGIBIG-2026-000003","PHIC-2026-000003","100000003"
"EMP2026-0004","Gerald","C.","Baclayon","1976-05-05","Barangay 05, Cagayan de Oro","Cagayan de Oro","Misamis Oriental","9000","Male","gerald.baclayon@gmail.com","HRHead","09700000004","2","11","62000.00","Monthly","2016-05-05","Active","Regular","0","Single","1.54","52.00","AB+","GSIS-2026-000004","PAGIBIG-2026-000004","PHIC-2026-000004","100000004"
"EMP2026-0005","Anshawer","D.","Bara-acal","1977-06-06","Barangay 06, Cagayan de Oro","Cagayan de Oro","Misamis Oriental","9000","Male","anshawer.bara-acal@gmail.com","Employee","09700000005","5","27","33000.00","Monthly","2017-06-06","Active","Regular","0","Married","1.55","53.00","AB-","GSIS-2026-000005","PAGIBIG-2026-000005","PHIC-2026-000005","100000005"
"EMP2026-0006","Brenz Ryan","B.","Bautista","1978-07-07","Barangay 07, Cagayan de Oro","Cagayan de Oro","Misamis Oriental","9000","Male","brenz.ryan.bautista@gmail.com","Employee","09700000006","6","33","22500.00","Semi-monthly","2024-07-07","Active","Contractual","0","Widowed","1.56","54.00","O+","GSIS-2026-000006","PAGIBIG-2026-000006","PHIC-2026-000006","100000006"
"EMP2026-0007","Jeaneth Ann","C.","Bonavente","1979-08-08","Barangay 08, Cagayan de Oro","Cagayan de Oro","Misamis Oriental","9000","Female","jeaneth.ann.bonavente@gmail.com","Chief","09700000007","3","16","75000.00","Monthly","2019-08-08","Active","Regular","0","Separated","1.57","55.00","O-","GSIS-2026-000007","PAGIBIG-2026-000007","PHIC-2026-000007","100000007"
"EMP2026-0008","Lea Therese","N.","Bondad","1980-09-09","Barangay 09, Cagayan de Oro","Cagayan de Oro","Misamis Oriental","9000","Female","lea.therese.bondad@gmail.com","Employee","09700000008","2","3","36750.00","Monthly","2020-09-09","Active","Regular","0","Single","1.58","56.00","A+","GSIS-2026-000008","PAGIBIG-2026-000008","PHIC-2026-000008","100000008"
"EMP2026-0009","Earl Ven Kirby","M.","Budiongan","1981-10-10","Barangay 10, Cagayan de Oro","Cagayan de Oro","Misamis Oriental","9000","Male","earl.ven.kirby.budiongan@gmail.com","Employee","09700000009","3","15","18750.00","Semi-monthly","2023-10-10","Active","Contractual","0","Married","1.59","57.00","A-","GSIS-2026-000009","PAGIBIG-2026-000009","PHIC-2026-000009","100000009"
"EMP2026-0010","Quinne Marie","T.","Buhawe","1982-11-11","Barangay 11, Cagayan de Oro","Cagayan de Oro","Misamis Oriental","9000","Female","quinne.marie.buhawe@gmail.com","Employee","09700000010","4","23","39250.00","Monthly","2022-11-11","Active","Regular","0","Widowed","1.60","58.00","B+","GSIS-2026-000010","PAGIBIG-2026-000010","PHIC-2026-000010","100000010"
"EMP2026-0011","Lemuel","C.","Cabahit","1983-12-12","Barangay 12, Cagayan de Oro","Cagayan de Oro","Misamis Oriental","9000","Male","lemuel.cabahit@gmail.com","Employee","09700000011","5","29","40500.00","Monthly","2023-12-12","Active","Regular","0","Separated","1.61","59.00","B-","GSIS-2026-000011","PAGIBIG-2026-000011","PHIC-2026-000011","100000011"
"EMP2026-0012","Almira Mae","C.","Cainglet","1984-01-13","Barangay 13, Cagayan de Oro","Cagayan de Oro","Misamis Oriental","9000","Female","almira.mae.cainglet@gmail.com","HRStaff","09700000012","2","12","38000.00","Monthly","2012-01-13","Active","Regular","0","Single","1.62","60.00","AB+","GSIS-2026-000012","PAGIBIG-2026-000012","PHIC-2026-000012","100000012"
"EMP2026-0013","Lazaro IV","F.","Cajegas","1985-02-14","Barangay 14, Cagayan de Oro","Cagayan de Oro","Misamis Oriental","9000","Male","lazaro.iv.cajegas@gmail.com","Employee","09700000013","6","34","28000.00","Monthly","2013-02-14","Active","Regular","0","Married","1.63","61.00","AB-","GSIS-2026-000013","PAGIBIG-2026-000013","PHIC-2026-000013","100000013"
"EMP2026-0014","Gay","P.","Callanta","1986-03-15","Barangay 15, Cagayan de Oro","Cagayan de Oro","Misamis Oriental","9000","Female","gay.callanta@gmail.com","Employee","09700000014","2","4","29250.00","Monthly","2014-03-15","Active","Regular","0","Widowed","1.64","62.00","O+","GSIS-2026-000014","PAGIBIG-2026-000014","PHIC-2026-000014","100000014"
"EMP2026-0015","Krissette Grace","F.","Campilan-Bahala","1987-04-16","Barangay 16, Cagayan de Oro","Cagayan de Oro","Misamis Oriental","9000","Female","krissette.grace.campilan-bahala@gmail.com","Employee","09700000015","3","17","23250.00","Semi-monthly","2025-04-16","Active","Contractual","0","Separated","1.65","63.00","O-","GSIS-2026-000015","PAGIBIG-2026-000015","PHIC-2026-000015","100000015"
"EMP2026-0016","Ai-let","R.","Castro","1988-05-17","Barangay 17, Cagayan de Oro","Cagayan de Oro","Misamis Oriental","9000","Female","ai-let.castro@gmail.com","Employee","09700000016","4","24","31750.00","Monthly","2016-05-17","Active","Regular","0","Single","1.66","64.00","A+","GSIS-2026-000016","PAGIBIG-2026-000016","PHIC-2026-000016","100000016"
"EMP2026-0017","Rubelen","M.","Dadula","1989-06-18","Barangay 18, Cagayan de Oro","Cagayan de Oro","Misamis Oriental","9000","Female","rubelen.dadula@gmail.com","Employee","09700000017","5","30","33000.00","Monthly","2017-06-18","Active","Regular","0","Married","1.67","65.00","A-","GSIS-2026-000017","PAGIBIG-2026-000017","PHIC-2026-000017","100000017"
"EMP2026-0018","Liberty","B.","Daitia","1990-07-19","Barangay 19, Cagayan de Oro","Cagayan de Oro","Misamis Oriental","9000","Female","liberty.daitia@gmail.com","Employee","09700000018","6","38","19500.00","Semi-monthly","2024-07-19","Active","Contractual","0","Widowed","1.68","66.00","B+","GSIS-2026-000018","PAGIBIG-2026-000018","PHIC-2026-000018","100000018"
"EMP2026-0019","Mary Jossel","H.","Dispo","1991-08-20","Barangay 20, Cagayan de Oro","Cagayan de Oro","Misamis Oriental","9000","Female","mary.jossel.dispo@gmail.com","Employee","09700000019","2","5","35500.00","Monthly","2019-08-20","Active","Regular","0","Separated","1.69","67.00","B-","GSIS-2026-000019","PAGIBIG-2026-000019","PHIC-2026-000019","100000019"
"EMP2026-0020","Elvert","L.","Eludo","1992-09-21","Barangay 21, Cagayan de Oro","Cagayan de Oro","Misamis Oriental","9000","Male","elvert.eludo@gmail.com","Chief","09700000020","4","22","75000.00","Monthly","2020-09-21","Active","Regular","0","Single","1.70","68.00","AB+","GSIS-2026-000020","PAGIBIG-2026-000020","PHIC-2026-000020","100000020"
"EMP2026-0021","Dominic","O.","Escobal","1993-10-22","Barangay 22, Cagayan de Oro","Cagayan de Oro","Misamis Oriental","9000","Male","dominic.escobal@gmail.com","Employee","09700000021","3","18","21750.00","Semi-monthly","2023-10-22","Active","Contractual","0","Married","1.71","69.00","AB-","GSIS-2026-000021","PAGIBIG-2026-000021","PHIC-2026-000021","100000021"
"EMP2026-0022","Daryl","D.","Faciol","1994-11-23","Barangay 23, Cagayan de Oro","Cagayan de Oro","Misamis Oriental","9000","Male","daryl.faciol@gmail.com","Employee","09700000022","4","25","39250.00","Monthly","2022-11-23","Active","Regular","0","Widowed","1.72","70.00","O+","GSIS-2026-000022","PAGIBIG-2026-000022","PHIC-2026-000022","100000022"
"EMP2026-0023","Rodante","B.","Felina","1995-12-24","Barangay 24, Cagayan de Oro","Cagayan de Oro","Misamis Oriental","9000","Male","rodante.felina@gmail.com","Employee","09700000023","5","31","40500.00","Monthly","2023-12-24","Active","Regular","0","Separated","1.73","71.00","O-","GSIS-2026-000023","PAGIBIG-2026-000023","PHIC-2026-000023","100000023"
"EMP2026-0024","Janice","F.","Gadia","1996-01-25","Barangay 25, Cagayan de Oro","Cagayan de Oro","Misamis Oriental","9000","Female","janice.gadia@gmail.com","Employee","09700000024","6","33","18000.00","Semi-monthly","2022-01-25","Active","Contractual","0","Single","1.74","72.00","A+","GSIS-2026-000024","PAGIBIG-2026-000024","PHIC-2026-000024","100000024"
"EMP2026-0025","Rey","E.","Gamayon","1997-02-26","Barangay 26, Cagayan de Oro","Cagayan de Oro","Misamis Oriental","9000","Male","rey.gamayon@gmail.com","Employee","09700000025","2","6","28000.00","Monthly","2013-02-26","Active","Regular","0","Married","1.50","73.00","A-","GSIS-2026-000025","PAGIBIG-2026-000025","PHIC-2026-000025","100000025"
"EMP2026-0026","Joven Clar","Z.","Granada","1998-03-27","Barangay 27, Cagayan de Oro","Cagayan de Oro","Misamis Oriental","9000","Male","joven.clar.granada@gmail.com","Regionaldirector","09700000026","6","37","95000.00","Monthly","2014-03-27","Active","Regular","0","Widowed","1.51","74.00","B+","GSIS-2026-000026","PAGIBIG-2026-000026","PHIC-2026-000026","100000026"
"EMP2026-0027","Dulce","A.","Gualberto","1999-04-28","Barangay 28, Cagayan de Oro","Cagayan de Oro","Misamis Oriental","9000","Female","dulce.gualberto@gmail.com","Employee","09700000027","3","19","20250.00","Semi-monthly","2025-04-28","Active","Contractual","0","Separated","1.52","75.00","B-","GSIS-2026-000027","PAGIBIG-2026-000027","PHIC-2026-000027","100000027"
"EMP2026-0028","Janeth Faye","Z.","Hadman","1972-05-01","Barangay 29, Cagayan de Oro","Cagayan de Oro","Misamis Oriental","9000","Female","janeth.faye.hadman@gmail.com","Employee","09700000028","4","26","31750.00","Monthly","2016-05-01","Active","Regular","0","Single","1.53","76.00","AB+","GSIS-2026-000028","PAGIBIG-2026-000028","PHIC-2026-000028","100000028"
"EMP2026-0029","Jovelyn","M.","Jayme","1973-06-02","Barangay 30, Cagayan de Oro","Cagayan de Oro","Misamis Oriental","9000","Female","jovelyn.jayme@gmail.com","Employee","09700000029","5","32","33000.00","Monthly","2017-06-02","Active","Regular","0","Married","1.54","77.00","AB-","GSIS-2026-000029","PAGIBIG-2026-000029","PHIC-2026-000029","100000029"
"EMP2026-0030","Herman","C.","Juanico","1974-07-03","Barangay 31, Cagayan de Oro","Cagayan de Oro","Misamis Oriental","9000","Male","herman.juanico@gmail.com","HRStaff","09700000030","2","12","36500.00","Monthly","2018-07-03","Active","Regular","0","Widowed","1.55","48.00","O+","GSIS-2026-000030","PAGIBIG-2026-000030","PHIC-2026-000030","100000030"
"EMP2026-0031","Lou Marie France","G.","Ladao","1975-08-04","Barangay 32, Cagayan de Oro","Cagayan de Oro","Misamis Oriental","9000","Female","lou.marie.france.ladao@gmail.com","Employee","09700000031","6","34","35500.00","Monthly","2019-08-04","Active","Regular","0","Separated","1.56","49.00","O-","GSIS-2026-000031","PAGIBIG-2026-000031","PHIC-2026-000031","100000031"
"EMP2026-0032","Sheena Mae","O.","Lantaca","1976-09-05","Barangay 33, Cagayan de Oro","Cagayan de Oro","Misamis Oriental","9000","Female","sheena.mae.lantaca@gmail.com","Employee","09700000032","2","7","36750.00","Monthly","2020-09-05","Active","Regular","0","Single","1.57","50.00","A+","GSIS-2026-000032","PAGIBIG-2026-000032","PHIC-2026-000032","100000032"
"EMP2026-0033","Ralph John","","Ligas","1977-10-06","Barangay 34, Cagayan de Oro","Cagayan de Oro","Misamis Oriental","9000","Male","ralph.john.ligas@gmail.com","Employee","09700000033","3","20","18750.00","Semi-monthly","2023-10-06","Active","Contractual","0","Married","1.58","51.00","A-","GSIS-2026-000033","PAGIBIG-2026-000033","PHIC-2026-000033","100000033"
"EMP2026-0034","Lariza Amor","R.","Lucero","1978-11-07","Barangay 35, Cagayan de Oro","Cagayan de Oro","Misamis Oriental","9000","Female","lariza.amor.lucero@gmail.com","Employee","09700000034","4","21","39250.00","Monthly","2022-11-07","Active","Regular","0","Widowed","1.59","52.00","B+","GSIS-2026-000034","PAGIBIG-2026-000034","PHIC-2026-000034","100000034"
"EMP2026-0035","Neil","P.","Maata","1979-12-08","Barangay 36, Cagayan de Oro","Cagayan de Oro","Misamis Oriental","9000","Male","neil.maata@gmail.com","Employee","09700000035","5","27","40500.00","Monthly","2023-12-08","Active","Regular","0","Separated","1.60","53.00","B-","GSIS-2026-000035","PAGIBIG-2026-000035","PHIC-2026-000035","100000035"
"EMP2026-0036","Jenisse Dowell","N.","Medel","1980-01-09","Barangay 37, Cagayan de Oro","Cagayan de Oro","Misamis Oriental","9000","Female","jenisse.dowell.medel@gmail.com","Employee","09700000036","6","38","21000.00","Semi-monthly","2022-01-09","Active","Contractual","0","Single","1.61","54.00","AB+","GSIS-2026-000036","PAGIBIG-2026-000036","PHIC-2026-000036","100000036"
"EMP2026-0037","Rogin Aron","B.","Montalan","1981-02-10","Barangay 38, Cagayan de Oro","Cagayan de Oro","Misamis Oriental","9000","Male","rogin.aron.montalan@gmail.com","Chief","09700000037","5","28","75000.00","Monthly","2013-02-10","Active","Regular","0","Married","1.62","55.00","AB-","GSIS-2026-000037","PAGIBIG-2026-000037","PHIC-2026-000037","100000037"
"EMP2026-0038","Glenn Marcelo","C.","Noble","1982-03-11","Barangay 39, Cagayan de Oro","Cagayan de Oro","Misamis Oriental","9000","Male","glenn.marcelo.noble@gmail.com","Employee","09700000038","2","8","29250.00","Monthly","2014-03-11","Active","Regular","0","Widowed","1.63","56.00","O+","GSIS-2026-000038","PAGIBIG-2026-000038","PHIC-2026-000038","100000038"
"EMP2026-0039","Maria Raniela","P.","Orteza","1983-04-12","Barangay 40, Cagayan de Oro","Cagayan de Oro","Misamis Oriental","9000","Female","maria.raniela.orteza@gmail.com","Employee","09700000039","3","14","23250.00","Semi-monthly","2025-04-12","Active","Contractual","0","Separated","1.64","57.00","O-","GSIS-2026-000039","PAGIBIG-2026-000039","PHIC-2026-000039","100000039"
"EMP2026-0040","May Lara Bea","A.","Paulin","1984-05-13","Barangay 01, Cagayan de Oro","Cagayan de Oro","Misamis Oriental","9000","Female","may.lara.bea.paulin@gmail.com","Employee","09700000040","4","23","31750.00","Monthly","2016-05-13","Active","Regular","0","Single","1.65","58.00","A+","GSIS-2026-000040","PAGIBIG-2026-000040","PHIC-2026-000040","100000040"
"EMP2026-0041","Gaudencio Jr.","L.","Paulma","1985-06-14","Barangay 02, Cagayan de Oro","Cagayan de Oro","Misamis Oriental","9000","Male","gaudencio.jr.paulma@gmail.com","Employee","09700000041","5","29","33000.00","Monthly","2017-06-14","Active","Regular","0","Married","1.66","59.00","A-","GSIS-2026-000041","PAGIBIG-2026-000041","PHIC-2026-000041","100000041"
"EMP2026-0042","Kayshe Joy","F.","Pelingon","1986-07-15","Barangay 03, Cagayan de Oro","Cagayan de Oro","Misamis Oriental","9000","Female","kayshe.joy.pelingon@gmail.com","Employee","09700000042","6","33","19500.00","Semi-monthly","2024-07-15","Active","Contractual","0","Widowed","1.67","60.00","B+","GSIS-2026-000042","PAGIBIG-2026-000042","PHIC-2026-000042","100000042"
"EMP2026-0043","June Ray","P.","Penaso","1987-08-16","Barangay 04, Cagayan de Oro","Cagayan de Oro","Misamis Oriental","9000","Male","june.ray.penaso@gmail.com","Employee","09700000043","2","9","35500.00","Monthly","2019-08-16","Active","Regular","0","Separated","1.68","61.00","B-","GSIS-2026-000043","PAGIBIG-2026-000043","PHIC-2026-000043","100000043"
"EMP2026-0044","Raymund","M.","Postrano","1988-09-17","Barangay 05, Cagayan de Oro","Cagayan de Oro","Misamis Oriental","9000","Male","raymund.postrano@gmail.com","Chief","09700000044","2","10","72000.00","Monthly","2020-09-17","Active","Regular","0","Single","1.69","62.00","AB+","GSIS-2026-000044","PAGIBIG-2026-000044","PHIC-2026-000044","100000044"
"EMP2026-0045","Ritzielaine Rosse","V.","Sales","1989-10-18","Barangay 06, Cagayan de Oro","Cagayan de Oro","Misamis Oriental","9000","Female","ritzielaine.rosse.sales@gmail.com","Employee","09700000045","3","15","21750.00","Semi-monthly","2023-10-18","Active","Contractual","0","Married","1.70","63.00","AB-","GSIS-2026-000045","PAGIBIG-2026-000045","PHIC-2026-000045","100000045"
"EMP2026-0046","Daphne Niccole","G.","Serojales","1990-11-19","Barangay 07, Cagayan de Oro","Cagayan de Oro","Misamis Oriental","9000","Female","daphne.niccole.serojales@gmail.com","Employee","09700000046","4","24","39250.00","Monthly","2022-11-19","Active","Regular","0","Widowed","1.71","64.00","O+","GSIS-2026-000046","PAGIBIG-2026-000046","PHIC-2026-000046","100000046"
"EMP2026-0047","Maruel","C.","Silverio","1991-12-20","Barangay 08, Cagayan de Oro","Cagayan de Oro","Misamis Oriental","9000","Male","maruel.silverio@gmail.com","Employee","09700000047","5","30","40500.00","Monthly","2023-12-20","Active","Regular","0","Separated","1.72","65.00","O-","GSIS-2026-000047","PAGIBIG-2026-000047","PHIC-2026-000047","100000047"
"EMP2026-0048","Jay","A.","Simeon","1992-01-21","Barangay 09, Cagayan de Oro","Cagayan de Oro","Misamis Oriental","9000","Male","jay.simeon@gmail.com","Employee","09700000048","6","34","18000.00","Semi-monthly","2022-01-21","Active","Contractual","0","Single","1.73","66.00","A+","GSIS-2026-000048","PAGIBIG-2026-000048","PHIC-2026-000048","100000048"
"EMP2026-0049","Gladys","P.","Tupaz","1993-02-22","Barangay 10, Cagayan de Oro","Cagayan de Oro","Misamis Oriental","9000","Female","gladys.tupaz@gmail.com","Employee","09700000049","2","13","28000.00","Monthly","2013-02-22","Active","Regular","0","Married","1.74","67.00","A-","GSIS-2026-000049","PAGIBIG-2026-000049","PHIC-2026-000049","100000049"
"EMP2026-0050","Virginia","R.","Verdejo","1994-03-23","Barangay 11, Cagayan de Oro","Cagayan de Oro","Misamis Oriental","9000","Female","virginia.verdejo@gmail.com","Employee","09700000050","3","17","29250.00","Monthly","2014-03-23","Active","Regular","0","Widowed","1.50","68.00","B+","GSIS-2026-000050","PAGIBIG-2026-000050","PHIC-2026-000050","100000050"
"EMP2026-0051","Alvin","M.","Villanueva","1995-04-24","Barangay 12, Cagayan de Oro","Cagayan de Oro","Misamis Oriental","9000","Male","alvin.villanueva@gmail.com","Chief","09700000051","6","35","80000.00","Monthly","2015-04-24","Active","Regular","0","Separated","1.51","69.00","B-","GSIS-2026-000051","PAGIBIG-2026-000051","PHIC-2026-000051","100000051"
