employee_id,first_name,middle_name,last_name,date_of_birth,address,city,province,zip_code,gender,email,phone,division,designation,basic_salary,salary_rate,date_hired,employment_status,pwd,civil_status,height,weight,blood_type,emp_gsis_id_no,emp_pagibig_id_no,emp_philhealth_id_no,tin_no
EMP2026-0001,"Louisse Kaye",P.,Aba,1973-02-02,"Barangay 02, Cagayan de Oro","Cagayan de Oro","Misamis Oriental",9000,Female,louisse.kaye@gmail.com,09700000001,"Finance & Administrative Division",Accountant,28000.00,Monthly,2013-02-02,Regular,0,Married,1.51,49.00,A-,GSIS-2026-000001,PAGIBIG-2026-000001,PHIC-2026-000001,100000001
EMP2026-0002,"Joanne Rose",O.,Alvarez,1974-03-03,"Barangay 03, Cagayan de Oro","Cagayan de Oro","Misamis Oriental",9000,Female,joanne.rose@gmail.com,09700000002,Geosciences,"Administrative Assistant I",29250.00,Monthly,2014-03-03,Regular,0,Widowed,1.52,50.00,B+,GSIS-2026-000002,PAGIBIG-2026-000002,PHIC-2026-000002,100000002
EMP2026-0003,"Joy Christine",V.,Asis,1975-04-04,"Barangay 04, Cagayan de Oro","Cagayan de Oro","Misamis Oriental",9000,Female,joy.christine@gmail.com,09700000003,"Mine Management Division","Administrative Assistant I",20250.00,Semi-monthly,2025-04-04,Contractual,0,Separated,1.53,51.00,B-,GSIS-2026-000003,PAGIBIG-2026-000003,PHIC-2026-000003,100000003
EMP2026-0004,Gerald,C.,Baclayon,1976-05-05,"Barangay 05, Cagayan de Oro","Cagayan de Oro","Misamis Oriental",9000,Male,gerald@gmail.com,09700000004,"Finance & Administrative Division","HR Officer",62000.00,Monthly,2016-05-05,Regular,0,Single,1.54,52.00,AB+,GSIS-2026-000004,PAGIBIG-2026-000004,PHIC-2026-000004,100000004
EMP2026-0005,Anshawer,D.,Bara-acal,1977-06-06,"Barangay 06, Cagayan de Oro","Cagayan de Oro","Misamis Oriental",9000,Male,anshawer@gmail.com,09700000005,"Mine Safety, Environment and Social Development Division","Administrative Assistant I",33000.00,Monthly,2017-06-06,Regular,0,Married,1.55,53.00,AB-,GSIS-2026-000005,PAGIBIG-2026-000005,PHIC-2026-000005,100000005
EMP2026-0006,"Brenz Ryan",B.,Bautista,1978-07-07,"Barangay 07, Cagayan de Oro","Cagayan de Oro","Misamis Oriental",9000,Male,brenz.ryan@gmail.com,09700000006,"Office of the Regional Director","administrative assistant",22500.00,Semi-monthly,2024-07-07,Contractual,0,Widowed,1.56,54.00,O+,GSIS-2026-000006,PAGIBIG-2026-000006,PHIC-2026-000006,100000006
EMP2026-0007,"Jeaneth Ann",C.,Bonavente,1979-08-08,"Barangay 08, Cagayan de Oro","Cagayan de Oro","Misamis Oriental",9000,Female,jeaneth.ann@gmail.com,09700000007,Geosciences,"Division chief",75000.00,Monthly,2019-08-08,Regular,0,Separated,1.57,55.00,O-,GSIS-2026-000007,PAGIBIG-2026-000007,PHIC-2026-000007,100000007
EMP2026-0008,"Lea Therese",N.,Bondad,1980-09-09,"Barangay 09, Cagayan de Oro","Cagayan de Oro","Misamis Oriental",9000,Female,lea.therese@gmail.com,09700000008,"Finance & Administrative Division","Accounting Clerk",36750.00,Monthly,2020-09-09,Regular,0,Single,1.58,56.00,A+,GSIS-2026-000008,PAGIBIG-2026-000008,PHIC-2026-000008,100000008
EMP2026-0009,"Earl Ven Kirby",M.,Budiongan,1981-10-10,"Barangay 10, Cagayan de Oro","Cagayan de Oro","Misamis Oriental",9000,Male,earl.ven.kirby@gmail.com,09700000009,Geosciences,"Cartographer II",18750.00,Semi-monthly,2023-10-10,Contractual,0,Married,1.59,57.00,A-,GSIS-2026-000009,PAGIBIG-2026-000009,PHIC-2026-000009,100000009
EMP2026-0010,"Quinne Marie",T.,Buhawe,1982-11-11,"Barangay 11, Cagayan de Oro","Cagayan de Oro","Misamis Oriental",9000,Female,quinne.marie@gmail.com,09700000010,"Mine Management Division",Engineer,39250.00,Monthly,2022-11-11,Regular,0,Widowed,1.60,58.00,B+,GSIS-2026-000010,PAGIBIG-2026-000010,PHIC-2026-000010,100000010
EMP2026-0011,Lemuel,C.,Cabahit,1983-12-12,"Barangay 12, Cagayan de Oro","Cagayan de Oro","Misamis Oriental",9000,Male,lemuel@gmail.com,09700000011,"Mine Safety, Environment and Social Development Division",Engineer,40500.00,Monthly,2023-12-12,Regular,0,Separated,1.61,59.00,B-,GSIS-2026-000011,PAGIBIG-2026-000011,PHIC-2026-000011,100000011
EMP2026-0012,"Almira Mae",C.,Cainglet,1984-01-13,"Barangay 13, Cagayan de Oro","Cagayan de Oro","Misamis Oriental",9000,Female,almira.mae@gmail.com,09700000012,"Finance & Administrative Division","Hr staff",38000.00,Monthly,2012-01-13,Regular,0,Single,1.62,60.00,AB+,GSIS-2026-000012,PAGIBIG-2026-000012,PHIC-2026-000012,100000012
EMP2026-0013,"Lazaro IV",F.,Cajegas,1985-02-14,"Barangay 14, Cagayan de Oro","Cagayan de Oro","Misamis Oriental",9000,Male,lazaro.iv@gmail.com,09700000013,"Office of the Regional Director","Administrative Assistant I",28000.00,Monthly,2013-02-14,Regular,0,Married,1.63,61.00,AB-,GSIS-2026-000013,PAGIBIG-2026-000013,PHIC-2026-000013,100000013
EMP2026-0014,Gay,P.,Callanta,1986-03-15,"Barangay 15, Cagayan de Oro","Cagayan de Oro","Misamis Oriental",9000,Female,gay@gmail.com,09700000014,"Finance & Administrative Division","Accounting supervisor",29250.00,Monthly,2014-03-15,Regular,0,Widowed,1.64,62.00,O+,GSIS-2026-000014,PAGIBIG-2026-000014,PHIC-2026-000014,100000014
EMP2026-0015,"Krissette Grace",F.,Campilan-Bahala,1987-04-16,"Barangay 16, Cagayan de Oro","Cagayan de Oro","Misamis Oriental",9000,Female,krissette.grace@gmail.com,09700000015,Geosciences,Engineer,23250.00,Semi-monthly,2025-04-16,Contractual,0,Separated,1.65,63.00,O-,GSIS-2026-000015,PAGIBIG-2026-000015,PHIC-2026-000015,100000015
EMP2026-0016,Ai-let,R.,Castro,1988-05-17,"Barangay 17, Cagayan de Oro","Cagayan de Oro","Misamis Oriental",9000,Female,ai.let@gmail.com,09700000016,"Mine Management Division","Engineer V",31750.00,Monthly,2016-05-17,Regular,0,Single,1.66,64.00,A+,GSIS-2026-000016,PAGIBIG-2026-000016,PHIC-2026-000016,100000016
EMP2026-0017,Rubelen,M.,Dadula,1989-06-18,"Barangay 18, Cagayan de Oro","Cagayan de Oro","Misamis Oriental",9000,Female,rubelen@gmail.com,09700000017,"Mine Safety, Environment and Social Development Division","Engineer V",33000.00,Monthly,2017-06-18,Regular,0,Married,1.67,65.00,A-,GSIS-2026-000017,PAGIBIG-2026-000017,PHIC-2026-000017,100000017
EMP2026-0018,Liberty,B.,Daitia,1990-07-19,"Barangay 19, Cagayan de Oro","Cagayan de Oro","Misamis Oriental",9000,Female,liberty@gmail.com,09700000018,"Office of the Regional Director","support staff",19500.00,Semi-monthly,2024-07-19,Contractual,0,Widowed,1.68,66.00,B+,GSIS-2026-000018,PAGIBIG-2026-000018,PHIC-2026-000018,100000018
EMP2026-0019,"Mary Jossel",H.,Dispo,1991-08-20,"Barangay 20, Cagayan de Oro","Cagayan de Oro","Misamis Oriental",9000,Female,mary.jossel@gmail.com,09700000019,"Finance & Administrative Division","Administrative aide",35500.00,Monthly,2019-08-20,Regular,0,Separated,1.69,67.00,B-,GSIS-2026-000019,PAGIBIG-2026-000019,PHIC-2026-000019,100000019
EMP2026-0020,Elvert,L.,Eludo,1992-09-21,"Barangay 21, Cagayan de Oro","Cagayan de Oro","Misamis Oriental",9000,Male,elvert@gmail.com,09700000020,"Mine Management Division","division chief",75000.00,Monthly,2020-09-21,Regular,0,Single,1.70,68.00,AB+,GSIS-2026-000020,PAGIBIG-2026-000020,PHIC-2026-000020,100000020
EMP2026-0021,Dominic,O.,Escobal,1993-10-22,"Barangay 22, Cagayan de Oro","Cagayan de Oro","Misamis Oriental",9000,Male,dominic@gmail.com,09700000021,Geosciences,"Field Staff",21750.00,Semi-monthly,2023-10-22,Contractual,0,Married,1.71,69.00,AB-,GSIS-2026-000021,PAGIBIG-2026-000021,PHIC-2026-000021,100000021
EMP2026-0022,Daryl,D.,Faciol,1994-11-23,"Barangay 23, Cagayan de Oro","Cagayan de Oro","Misamis Oriental",9000,Male,daryl@gmail.com,09700000022,"Mine Management Division","field staff",39250.00,Monthly,2022-11-23,Regular,0,Widowed,1.72,70.00,O+,GSIS-2026-000022,PAGIBIG-2026-000022,PHIC-2026-000022,100000022
EMP2026-0023,Rodante,B.,Felina,1995-12-24,"Barangay 24, Cagayan de Oro","Cagayan de Oro","Misamis Oriental",9000,Male,rodante@gmail.com,09700000023,"Mine Safety, Environment and Social Development Division","field staff",40500.00,Monthly,2023-12-24,Regular,0,Separated,1.73,71.00,O-,GSIS-2026-000023,PAGIBIG-2026-000023,PHIC-2026-000023,100000023
EMP2026-0024,Janice,F.,Gadia,1996-01-25,"Barangay 25, Cagayan de Oro","Cagayan de Oro","Misamis Oriental",9000,Female,janice@gmail.com,09700000024,"Office of the Regional Director","administrative assistant",18000.00,Semi-monthly,2022-01-25,Contractual,0,Single,1.74,72.00,A+,GSIS-2026-000024,PAGIBIG-2026-000024,PHIC-2026-000024,100000024
EMP2026-0025,Rey,E.,Gamayon,1997-02-26,"Barangay 26, Cagayan de Oro","Cagayan de Oro","Misamis Oriental",9000,Male,rey@gmail.com,09700000025,"Finance & Administrative Division","Administrative assistant",28000.00,Monthly,2013-02-26,Regular,0,Married,1.50,73.00,A-,GSIS-2026-000025,PAGIBIG-2026-000025,PHIC-2026-000025,100000025
EMP2026-0026,"Joven Clar",Z.,Granada,1998-03-27,"Barangay 27, Cagayan de Oro","Cagayan de Oro","Misamis Oriental",9000,Male,joven.clar@gmail.com,09700000026,"Office of the Regional Director","regional director",95000.00,Monthly,2014-03-27,Regular,0,Widowed,1.51,74.00,B+,GSIS-2026-000026,PAGIBIG-2026-000026,PHIC-2026-000026,100000026
EMP2026-0027,Dulce,A.,Gualberto,1999-04-28,"Barangay 28, Cagayan de Oro","Cagayan de Oro","Misamis Oriental",9000,Female,dulce@gmail.com,09700000027,Geosciences,"Science Research Specialist II",20250.00,Semi-monthly,2025-04-28,Contractual,0,Separated,1.52,75.00,B-,GSIS-2026-000027,PAGIBIG-2026-000027,PHIC-2026-000027,100000027
EMP2026-0028,"Janeth Faye",Z.,Hadman,1972-05-01,"Barangay 29, Cagayan de Oro","Cagayan de Oro","Misamis Oriental",9000,Female,janeth.faye@gmail.com,09700000028,"Mine Management Division","unit head",31750.00,Monthly,2016-05-01,Regular,0,Single,1.53,76.00,AB+,GSIS-2026-000028,PAGIBIG-2026-000028,PHIC-2026-000028,100000028
EMP2026-0029,Jovelyn,M.,Jayme,1973-06-02,"Barangay 30, Cagayan de Oro","Cagayan de Oro","Misamis Oriental",9000,Female,jovelyn@gmail.com,09700000029,"Mine Safety, Environment and Social Development Division","unit head",33000.00,Monthly,2017-06-02,Regular,0,Married,1.54,77.00,AB-,GSIS-2026-000029,PAGIBIG-2026-000029,PHIC-2026-000029,100000029
EMP2026-0030,Herman,C.,Juanico,1974-07-03,"Barangay 31, Cagayan de Oro","Cagayan de Oro","Misamis Oriental",9000,Male,herman@gmail.com,09700000030,"Finance & Administrative Division","Hr staff",36500.00,Monthly,2018-07-03,Regular,0,Widowed,1.55,48.00,O+,GSIS-2026-000030,PAGIBIG-2026-000030,PHIC-2026-000030,100000030
EMP2026-0031,"Lou Marie France",G.,Ladao,1975-08-04,"Barangay 32, Cagayan de Oro","Cagayan de Oro","Misamis Oriental",9000,Female,lou.marie.france@gmail.com,09700000031,"Office of the Regional Director","Administrative Assistant I",35500.00,Monthly,2019-08-04,Regular,0,Separated,1.56,49.00,O-,GSIS-2026-000031,PAGIBIG-2026-000031,PHIC-2026-000031,100000031
EMP2026-0032,"Sheena Mae",O.,Lantaca,1976-09-05,"Barangay 33, Cagayan de Oro","Cagayan de Oro","Misamis Oriental",9000,Female,sheena.mae@gmail.com,09700000032,"Finance & Administrative Division","Administrative Assistant I",36750.00,Monthly,2020-09-05,Regular,0,Single,1.57,50.00,A+,GSIS-2026-000032,PAGIBIG-2026-000032,PHIC-2026-000032,100000032
EMP2026-0033,"Ralph John",,Ligas,1977-10-06,"Barangay 34, Cagayan de Oro","Cagayan de Oro","Misamis Oriental",9000,Male,ralph.john@gmail.com,09700000033,Geosciences,"Unit Head",18750.00,Semi-monthly,2023-10-06,Contractual,0,Married,1.58,51.00,A-,GSIS-2026-000033,PAGIBIG-2026-000033,PHIC-2026-000033,100000033
EMP2026-0034,"Lariza Amor",R.,Lucero,1978-11-07,"Barangay 35, Cagayan de Oro","Cagayan de Oro","Misamis Oriental",9000,Female,lariza.amor@gmail.com,09700000034,"Mine Management Division","Administrative Assistant I",39250.00,Monthly,2022-11-07,Regular,0,Widowed,1.59,52.00,B+,GSIS-2026-000034,PAGIBIG-2026-000034,PHIC-2026-000034,100000034
EMP2026-0035,Neil,P.,Maata,1979-12-08,"Barangay 36, Cagayan de Oro","Cagayan de Oro","Misamis Oriental",9000,Male,neil@gmail.com,09700000035,"Mine Safety, Environment and Social Development Division","Administrative Assistant I",40500.00,Monthly,2023-12-08,Regular,0,Separated,1.60,53.00,B-,GSIS-2026-000035,PAGIBIG-2026-000035,PHIC-2026-000035,100000035
EMP2026-0036,"Jenisse Dowell",N.,Medel,1980-01-09,"Barangay 37, Cagayan de Oro","Cagayan de Oro","Misamis Oriental",9000,Female,jenisse.dowell@gmail.com,09700000036,"Office of the Regional Director","support staff",21000.00,Semi-monthly,2022-01-09,Contractual,0,Single,1.61,54.00,AB+,GSIS-2026-000036,PAGIBIG-2026-000036,PHIC-2026-000036,100000036
EMP2026-0037,"Rogin Aron",B.,Montalan,1981-02-10,"Barangay 38, Cagayan de Oro","Cagayan de Oro","Misamis Oriental",9000,Male,rogin.aron@gmail.com,09700000037,"Mine Safety, Environment and Social Development Division","division chief",75000.00,Monthly,2013-02-10,Regular,0,Married,1.62,55.00,AB-,GSIS-2026-000037,PAGIBIG-2026-000037,PHIC-2026-000037,100000037
EMP2026-0038,"Glenn Marcelo",C.,Noble,1982-03-11,"Barangay 39, Cagayan de Oro","Cagayan de Oro","Misamis Oriental",9000,Male,glenn.marcelo@gmail.com,09700000038,"Finance & Administrative Division","Administrative Assistant II",29250.00,Monthly,2014-03-11,Regular,0,Widowed,1.63,56.00,O+,GSIS-2026-000038,PAGIBIG-2026-000038,PHIC-2026-000038,100000038
EMP2026-0039,"Maria Raniela",P.,Orteza,1983-04-12,"Barangay 40, Cagayan de Oro","Cagayan de Oro","Misamis Oriental",9000,Female,maria.raniela@gmail.com,09700000039,Geosciences,"Administrative Assistant I",23250.00,Semi-monthly,2025-04-12,Contractual,0,Separated,1.64,57.00,O-,GSIS-2026-000039,PAGIBIG-2026-000039,PHIC-2026-000039,100000039
EMP2026-0040,"May Lara Bea",A.,Paulin,1984-05-13,"Barangay 01, Cagayan de Oro","Cagayan de Oro","Misamis Oriental",9000,Female,may.lara.bea@gmail.com,09700000040,"Mine Management Division",Engineer,31750.00,Monthly,2016-05-13,Regular,0,Single,1.65,58.00,A+,GSIS-2026-000040,PAGIBIG-2026-000040,PHIC-2026-000040,100000040
EMP2026-0041,"Gaudencio Jr.",L.,Paulma,1985-06-14,"Barangay 02, Cagayan de Oro","Cagayan de Oro","Misamis Oriental",9000,Male,gaudencio.jr@gmail.com,09700000041,"Mine Safety, Environment and Social Development Division",Engineer,33000.00,Monthly,2017-06-14,Regular,0,Married,1.66,59.00,A-,GSIS-2026-000041,PAGIBIG-2026-000041,PHIC-2026-000041,100000041
EMP2026-0042,"Kayshe Joy",F.,Pelingon,1986-07-15,"Barangay 03, Cagayan de Oro","Cagayan de Oro","Misamis Oriental",9000,Female,kayshe.joy@gmail.com,09700000042,"Office of the Regional Director","administrative assistant",19500.00,Semi-monthly,2024-07-15,Contractual,0,Widowed,1.67,60.00,B+,GSIS-2026-000042,PAGIBIG-2026-000042,PHIC-2026-000042,100000042
EMP2026-0043,"June Ray",P.,Penaso,1987-08-16,"Barangay 04, Cagayan de Oro","Cagayan de Oro","Misamis Oriental",9000,Male,june.ray@gmail.com,09700000043,"Finance & Administrative Division","Administrative Assistant III",35500.00,Monthly,2019-08-16,Regular,0,Separated,1.68,61.00,B-,GSIS-2026-000043,PAGIBIG-2026-000043,PHIC-2026-000043,100000043
EMP2026-0044,Raymund,M.,Postrano,1988-09-17,"Barangay 05, Cagayan de Oro","Cagayan de Oro","Misamis Oriental",9000,Male,raymund@gmail.com,09700000044,"Finance & Administrative Division","Chief administrative officer",72000.00,Monthly,2020-09-17,Regular,0,Single,1.69,62.00,AB+,GSIS-2026-000044,PAGIBIG-2026-000044,PHIC-2026-000044,100000044
EMP2026-0045,"Ritzielaine Rosse",V.,Sales,1989-10-18,"Barangay 06, Cagayan de Oro","Cagayan de Oro","Misamis Oriental",9000,Female,ritzielaine.rosse@gmail.com,09700000045,Geosciences,"Cartographer II",21750.00,Semi-monthly,2023-10-18,Contractual,0,Married,1.70,63.00,AB-,GSIS-2026-000045,PAGIBIG-2026-000045,PHIC-2026-000045,100000045
EMP2026-0046,"Daphne Niccole",G.,Serojales,1990-11-19,"Barangay 07, Cagayan de Oro","Cagayan de Oro","Misamis Oriental",9000,Female,daphne.niccole@gmail.com,09700000046,"Mine Management Division","Engineer V",39250.00,Monthly,2022-11-19,Regular,0,Widowed,1.71,64.00,O+,GSIS-2026-000046,PAGIBIG-2026-000046,PHIC-2026-000046,100000046
EMP2026-0047,Maruel,C.,Silverio,1991-12-20,"Barangay 08, Cagayan de Oro","Cagayan de Oro","Misamis Oriental",9000,Male,maruel@gmail.com,09700000047,"Mine Safety, Environment and Social Development Division","Engineer V",40500.00,Monthly,2023-12-20,Regular,0,Separated,1.72,65.00,O-,GSIS-2026-000047,PAGIBIG-2026-000047,PHIC-2026-000047,100000047
EMP2026-0048,Jay,A.,Simeon,1992-01-21,"Barangay 09, Cagayan de Oro","Cagayan de Oro","Misamis Oriental",9000,Male,jay@gmail.com,09700000048,"Office of the Regional Director","Administrative Assistant I",18000.00,Semi-monthly,2022-01-21,Contractual,0,Single,1.73,66.00,A+,GSIS-2026-000048,PAGIBIG-2026-000048,PHIC-2026-000048,100000048
EMP2026-0049,Gladys,P.,Tupaz,1993-02-22,"Barangay 10, Cagayan de Oro","Cagayan de Oro","Misamis Oriental",9000,Female,gladys@gmail.com,09700000049,"Finance & Administrative Division","Support Staff",28000.00,Monthly,2013-02-22,Regular,0,Married,1.74,67.00,A-,GSIS-2026-000049,PAGIBIG-2026-000049,PHIC-2026-000049,100000049
EMP2026-0050,Virginia,R.,Verdejo,1994-03-23,"Barangay 11, Cagayan de Oro","Cagayan de Oro","Misamis Oriental",9000,Female,virginia@gmail.com,09700000050,Geosciences,Engineer,29250.00,Monthly,2014-03-23,Regular,0,Widowed,1.50,68.00,B+,GSIS-2026-000050,PAGIBIG-2026-000050,PHIC-2026-000050,100000050
EMP2026-0051,Alvin,M.,Villanueva,1995-04-24,"Barangay 12, Cagayan de Oro","Cagayan de Oro","Misamis Oriental",9000,Male,alvin@gmail.com,09700000051,"Office of the Regional Director","assistant regional director",80000.00,Monthly,2015-04-24,Regular,0,Separated,1.51,69.00,B-,GSIS-2026-000051,PAGIBIG-2026-000051,PHIC-2026-000051,100000051
EMP2026-0052,Kenneth,A.,Lopez,1996-05-25,"Barangay 13, Cagayan de Oro","Cagayan de Oro","Misamis Oriental",9000,Male,kenneth@gmail.com,09700000052,"Finance & Administrative Division",Accountant,28000.00,Monthly,2016-05-25,Regular,0,Single,1.70,70.00,O+,GSIS-2026-000052,PAGIBIG-2026-000052,PHIC-2026-000052,100000052
EMP2026-0053,"Maria Alona",S.,Sabanal,1997-06-26,"Barangay 14, Cagayan de Oro","Cagayan de Oro","Misamis Oriental",9000,Female,maria.alona@gmail.com,09700000053,Geosciences,"Administrative Assistant I",29250.00,Monthly,2017-06-26,Regular,0,Married,1.60,55.00,A+,GSIS-2026-000053,PAGIBIG-2026-000053,PHIC-2026-000053,100000053
EMP2026-0054,"Mike Romil",E.,Cabiluna,1998-07-27,"Barangay 15, Cagayan de Oro","Cagayan de Oro","Misamis Oriental",9000,Male,mike.romil@gmail.com,09700000054,"Mine Management Division","Administrative Assistant I",20250.00,Semi-monthly,2024-07-27,Contractual,0,Single,1.72,68.00,B+,GSIS-2026-000054,PAGIBIG-2026-000054,PHIC-2026-000054,100000054
EMP2026-0055,Domingo,E.,Ancog,1999-08-28,"Barangay 16, Cagayan de Oro","Cagayan de Oro","Misamis Oriental",9000,Male,domingo@gmail.com,09700000055,"Mine Safety, Environment and Social Development Division","Administrative Assistant I",33000.00,Monthly,2019-08-28,Regular,0,Married,1.68,72.00,O-,GSIS-2026-000055,PAGIBIG-2026-000055,PHIC-2026-000055,100000055
